{"world":"survival","x":-129.69999998807907,"y":60.0,"z":-144.5055096824018,"pitch":13.925852,"yaw":-172.73975}