{"world":"survival","x":-123.31920882683933,"y":65.0,"z":28.232164014134344,"pitch":32.619312,"yaw":-165.8069}