{"world":"survival","x":-123.30000001192091,"y":65.18690004084111,"z":24.96159512983523,"pitch":28.856607,"yaw":-176.0741}