{"world":"survival","x":-2633.8558760527835,"y":80.0,"z":1547.1896797923619,"pitch":25.050058,"yaw":-118.79718}