{"world":"survival","x":-2550.5,"y":100.0,"z":1529.5,"pitch":18.450014,"yaw":-241.94994}