{"world":"survival","x":-170.81411446137344,"y":77.0,"z":-65.08063818256522,"pitch":12.908622,"yaw":-323.77002}