{"world":"survival","x":-154.30000001192093,"y":47.0,"z":80.05688794926868,"pitch":30.091766,"yaw":-212.62082}