{"world":"survival","x":-167.29445444241142,"y":60.0,"z":50.49137093977437,"pitch":33.184654,"yaw":84.22272}