{"world":"survival","x":-153.64083351314906,"y":64.79408640493416,"z":36.324977047640026,"pitch":14.700001,"yaw":-49.822998}