{"world":"world","x":-11.086974422194288,"y":62.465557315458284,"z":5.404534008899299,"pitch":24.44991,"yaw":153.8945}