{"world":"survival","x":-2722.186562107763,"y":49.0,"z":1607.9772034842588,"pitch":29.69998,"yaw":215.54968}