{"world":"survival","x":-154.0673160409662,"y":64.0,"z":63.642583396904,"pitch":2.1000855,"yaw":177.76352}