{"world":"world","x":-3.5459193146707357,"y":54.0,"z":8.089481294834812,"pitch":31.649927,"yaw":38.694458}