{"world":"survival","x":-79.01398435602847,"y":21.753199980521202,"z":118.91127483114538,"pitch":90.0,"yaw":122.73413}