{"world":"world","x":-130.60138984016186,"y":74.53226757274716,"z":236.2936525720487,"pitch":7.3501053,"yaw":164.85022}