{"world":"world","x":-3.648916676096679,"y":54.0,"z":10.21806752281386,"pitch":32.39986,"yaw":257.39142}