{"world":"survival","x":-172.14610562169847,"y":71.0,"z":81.02187345017553,"pitch":0.6001077,"yaw":16.988281}