{"world":"survival","x":-145.8634220530519,"y":116.03260249110886,"z":21.81324280180532,"pitch":57.600006,"yaw":146.99983}