{"world":"survival","x":-257.89764966708833,"y":60.0,"z":45.33681648211159,"pitch":32.24991,"yaw":294.3064}