{"world":"world","x":-82.69999998807907,"y":63.0,"z":64.61705297171073,"pitch":-10.650031,"yaw":85.950035}